{"cameraMode":{"drawMode":0,"name":"Shaded","section":"Shading Mode"},"sceneLighting":true,"audioPlay":false,"sceneViewState":{"m_AlwaysRefresh":false,"showFog":true,"showSkybox":true,"showFlares":true,"showImageEffects":true,"showParticleSystems":true,"showVisualEffectGraphs":true,"m_FxEnabled":true},"in2DMode":false,"pivot":{"x":0.23999997973442079,"y":1.6104782819747925,"z":0.41738224029541018},"rotation":{"x":-0.39683547616004946,"y":0.030829094350337983,"z":-0.013338250108063221,"w":-0.9172770380973816},"size":4.648865222930908,"orthographic":false}