{"cameraMode":{"drawMode":0,"name":"Shaded","section":"Shading Mode"},"sceneLighting":false,"audioPlay":false,"sceneViewState":{"m_AlwaysRefresh":false,"showFog":true,"showSkybox":false,"showFlares":true,"showImageEffects":true,"showParticleSystems":true,"showVisualEffectGraphs":true,"m_FxEnabled":true},"in2DMode":false,"pivot":{"x":2.130000114440918,"y":1.6104782819747925,"z":2.3889999389648439},"rotation":{"x":0.06917732208967209,"y":-0.5224016308784485,"z":0.042562078684568408,"w":0.8488339185714722},"size":0.866025447845459,"orthographic":false}